,Date,Time,Latit(N),Long(E),Depth(km),Magnitude,Region
0,2023.01.01,14:26:20,37.0823,28.3768,2.7,  2.2  ,KIZILAGAC-ULA (MUGLA)
1,2023.01.01,13:04:15,40.767,30.939,3.0,  1.9  ,HACISULEYMANBEY-GOLYAKA (DUZCE)
2,2023.01.01,12:36:16,40.4995,32.8888,5.0,  1.9  ,YILDIRIMAYDOGAN-CUBUK (ANKARA)
3,2023.01.01,10:17:18,38.3983,38.9943,1.6,  1.6  ,TARLATEPE-SIVRICE (ELAZIG)
4,2023.01.01,10:03:52,37.9117,26.7727,5.0,  1.6  ,AEGEAN SEA
5,2023.01.01,09:55:45,34.8408,25.0373,5.0,  2.6  ,GIRIT ADASI ACIKLARI (MEDITERRANEAN SEA)
6,2023.01.01,09:26:57,38.6228,42.2653,9.3,  1.7  ,SERINBAYIR-AHLAT (BITLIS)
7,2023.01.01,09:20:22,38.5287,27.7328,5.3,  1.4  ,TURGUTLU (MANISA)
8,2023.01.01,08:19:52,37.5057,26.4732,13.2,  1.5  ,ONIKI ADALAR (MEDITERRANEAN SEA)
9,2023.01.01,07:50:00,40.7697,31.0162,8.0,  1.6  ,HACIYAKUP-GOLYAKA (DUZCE)
10,2023.01.01,07:26:14,36.2338,28.9353,8.8,  2.6  ,MEDITERRANEAN SEA
11,2023.01.01,07:10:16,36.2157,28.9018,10.5,  1.9  ,MEDITERRANEAN SEA
12,2023.01.01,07:05:27,38.455,32.6693,5.3,  1.4  ,AYISIGI-ALTINEKIN (KONYA)
13,2023.01.01,07:01:32,40.7862,30.9728,5.2,  1.4  ,YAZLIK-GOLYAKA (DUZCE)
14,2023.01.01,06:58:06,38.467,44.0168,5.0,  3.0  2.9,YESILAGAC-SARAY (VAN)
15,2023.01.01,06:40:16,37.3193,29.3985,5.0,  0.8  ,KOKE-ACIPAYAM (DENIZLI)
16,2023.01.01,06:12:18,41.1338,34.1668,5.0,  2.7  ,CELTIKCI-TOSYA (KASTAMONU)
17,2023.01.01,06:04:41,35.558,25.7608,6.0,  1.9  ,GIRIT ADASI (MEDITERRANEAN SEA)
18,2023.01.01,06:02:11,37.8507,29.3453,5.0,  2.8  ,KOCABAS-HONAZ (DENIZLI)
19,2023.01.01,05:56:57,37.84,27.0287,12.1,  1.8  ,KUSADASI KORFEZI (AEGEAN SEA)
20,2023.01.01,05:33:38,40.7725,34.547,15.0,  2.4  ,IKIPINAR-ISKILIP (CORUM)
21,2023.01.01,05:25:14,35.5547,25.7963,10.6,  1.8  ,GIRIT ADASI (MEDITERRANEAN SEA)
22,2023.01.01,05:12:16,41.1228,34.1863,5.0,  3.0  ,CAYBASI-TOSYA (KASTAMONU)
23,2023.01.01,03:48:09,38.8973,30.0135,7.7,  1.4  ,BUYUKASLIHANLAR-DUMLUPINAR (KUTAHYA)
24,2023.01.01,02:38:26,40.3898,27.4828,16.7,  0.9  ,GUVEMALANI-BIGA (CANAKKALE)
25,2023.01.01,02:14:56,38.5763,23.6995,8.9,  2.8  ,YUNANISTAN
26,2023.01.01,02:05:16,40.3552,27.1062,13.0,  2.4  ,ESKIBALIKLI-BIGA (CANAKKALE)
27,2023.01.01,02:03:10,40.8058,42.7298,10.5,  1.9  ,BUYUKALTINBULAK-GOLE (ARDAHAN)
28,2023.01.01,01:27:17,40.6815,30.4263,9.8,  1.9  ,KEMALIYE-ARIFIYE (SAKARYA)
29,2023.01.01,01:26:29,40.681,30.4082,15.9,  2.3  ,KEMALIYE-ARIFIYE (SAKARYA)
30,2023.01.01,00:25:25,40.7625,27.2522,4.2,  1.2  ,GUZELKOY-SARKOY (TEKIRDAG)
31,2022.12.31,23:01:04,38.566,31.5008,5.0,  2.1  ,PAZARKAYA-TUZLUKCU (KONYA)
32,2022.12.31,22:37:16,41.1942,23.834,10.2,  2.2  ,YUNANISTAN
33,2022.12.31,22:04:46,38.3638,27.2262,7.9,  2.0  ,GOKDERE-BORNOVA (IZMIR)
34,2022.12.31,21:46:25,35.6583,25.8185,5.4,  2.8  ,MEDITERRANEAN SEA
35,2022.12.31,21:36:12,36.0878,28.0762,7.0,  2.3  ,RODOS ADASI (MEDITERRANEAN SEA)
36,2022.12.31,21:12:30,40.7253,30.5902,16.4,  1.5  ,TOPAGAC-AKYAZI (SAKARYA)
37,2022.12.31,20:39:24,39.3517,26.0847,7.3,  1.7  ,MIDILLI ADASI (AEGEAN SEA)
38,2022.12.31,20:35:39,39.3448,26.0848,7.6,  1.8  ,MIDILLI ADASI (AEGEAN SEA)
39,2022.12.31,20:34:38,39.9485,39.0617,5.3,  2.4  ,GOLKOY-REFAHIYE (ERZINCAN)
40,2022.12.31,18:29:37,36.1543,29.1507,16.8,  2.2  ,MEDITERRANEAN SEA
41,2022.12.31,18:21:02,40.0043,39.0432,4.4,  2.1  ,KAMBERAGA-REFAHIYE (ERZINCAN)
42,2022.12.31,18:16:34,36.0823,29.0962,12.0,  1.9  ,MEDITERRANEAN SEA
43,2022.12.31,17:52:04,38.7163,25.4207,7.6,  2.0  ,AEGEAN SEA
44,2022.12.31,16:56:30,36.449,28.8947,3.3,  1.5  ,OLUDENIZ ACIKLARI-MUGLA (MEDITERRANEAN SEA)
45,2022.12.31,16:44:14,38.34,27.2078,10.5,  2.1  ,GOKDERE-BORNOVA (IZMIR)
46,2022.12.31,15:04:16,37.348,29.5113,8.5,  2.2  ,KUMAFSARI-ACIPAYAM (DENIZLI)
47,2022.12.31,15:02:24,38.3407,27.2272,7.4,  2.1  ,GOKDERE-BORNOVA (IZMIR)
48,2022.12.31,14:45:06,37.3657,37.038,7.5,  1.5  ,DEMIRCILER-PAZARCIK (KAHRAMANMARAS)
49,2022.12.31,14:31:54,39.6442,32.3072,16.6,  1.4  ,MACUN-POLATLI (ANKARA)
50,2022.12.31,14:11:03,39.987,41.2868,12.4,  2.1  ,YAKUTIYE (ERZURUM)
51,2022.12.31,14:05:56,38.093,35.4207,5.0,  1.6  ,YAHYALI (KAYSERI)
52,2022.12.31,13:02:51,39.9717,41.3613,10.7,  2.2  ,BUYUKTUY-PASINLER (ERZURUM)
53,2022.12.31,12:14:26,32.9267,26.0817,5.0,  4.3  ,GIRIT ADASI ACIKLARI (MEDITERRANEAN SEA)
54,2022.12.31,11:32:36,38.3472,27.2495,3.0,  1.9  ,GOKDERE-BORNOVA (IZMIR)
55,2022.12.31,11:15:05,35.6318,25.8062,5.4,  2.4  ,GIRIT ADASI (MEDITERRANEAN SEA)
56,2022.12.31,10:12:51,38.9733,27.9173,5.0,  1.3  ,CAMONU-AKHISAR (MANISA)
57,2022.12.31,10:07:29,39.9497,28.7772,0.0,  1.9  ,OMERALTI-MUSTAFAKEMALPASA (BURSA)
58,2022.12.31,10:00:24,41.1483,28.7458,0.0,  1.0  ,SAMLAR-BASAKSEHIR (ISTANBUL)
59,2022.12.31,09:50:45,37.7252,32.5748,2.8,  1.0  ,KAYHUYUK-MERAM (KONYA)
60,2022.12.31,09:26:19,37.1368,27.3765,2.7,  1.2  ,GOLTURKBUKU-BODRUM (MUGLA)
61,2022.12.31,08:43:40,40.7755,30.98,5.0,  1.8  ,YAZLIK-GOLYAKA (DUZCE)
62,2022.12.31,08:15:02,38.3765,38.9532,7.8,  2.2  ,YUREKKAYA-SIVRICE (ELAZIG)
63,2022.12.31,07:48:55,38.773,26.8907,3.3,  2.2  ,CANDARLI KORFEZI (AEGEAN SEA)
64,2022.12.31,07:47:44,40.8342,31.5278,4.9,  1.8  ,KIZILAGIL-(BOLU)
65,2022.12.31,07:05:39,37.8193,27.7557,9.1,  2.1  ,OSMANBUKU-INCIRLIOVA (AYDIN)
66,2022.12.31,06:35:47,35.6152,25.8197,3.1,  2.2  ,GIRIT ADASI (MEDITERRANEAN SEA)
67,2022.12.31,06:14:10,39.4212,25.5787,7.1,  1.8  ,AEGEAN SEA
68,2022.12.31,05:20:54,35.5487,25.7843,6.9,  2.3  ,GIRIT ADASI (MEDITERRANEAN SEA)
69,2022.12.31,05:13:42,38.3758,27.285,17.2,  1.3  ,GOKDERE-BORNOVA (IZMIR)
70,2022.12.31,05:06:26,37.0792,28.4263,6.6,  2.6  ,YESILOVA-ULA (MUGLA)
71,2022.12.31,05:05:25,39.8475,39.0178,3.6,  3.2  3.2,KEDEK-KEMAH (ERZINCAN)
72,2022.12.31,05:04:25,37.5857,26.9222,19.3,  1.5  ,AEGEAN SEA
73,2022.12.31,05:00:17,44.8245,37.0977,49.7,  4.4  ,KARADENIZ
74,2022.12.31,03:57:17,40.1195,27.1163,12.5,  2.1  ,DIKMEN-BIGA (CANAKKALE)
75,2022.12.31,03:47:34,38.4673,39.266,1.4,  1.7  ,ALINCIK-SIVRICE (ELAZIG)
76,2022.12.31,03:10:43,37.0492,29.3797,2.8,  1.8  ,KIZILYAKA-CAMELI (DENIZLI)
77,2022.12.31,03:07:28,39.2092,29.3937,5.4,  1.9  ,KARBASAN-HISARCIK (KUTAHYA)
78,2022.12.31,03:00:22,38.9708,27.7988,2.6,  1.1  ,MEDAR-AKHISAR (MANISA)
79,2022.12.31,02:58:10,39.2082,29.3537,1.7,  1.4  ,KARBASAN-HISARCIK (KUTAHYA)
80,2022.12.31,02:49:31,38.3347,27.212,3.9,  1.4  ,GOKDERE-BORNOVA (IZMIR)
81,2022.12.31,02:41:58,38.358,27.2163,6.1,  2.8  ,GOKDERE-BORNOVA (IZMIR)
82,2022.12.31,02:10:35,40.2493,37.9502,7.3,  1.4  ,YALNIZTEPE-KOYULHISAR (SIVAS)
83,2022.12.31,02:09:59,35.5427,25.7938,9.8,  2.0  ,GIRIT ADASI (MEDITERRANEAN SEA)
84,2022.12.31,02:09:11,38.3415,27.215,5.0,  1.9  ,GOKDERE-BORNOVA (IZMIR)
85,2022.12.31,01:18:20,40.719,29.1575,7.2,  1.2  ,KORU-CINARCIK (YALOVA)
86,2022.12.31,01:08:49,40.1582,31.7572,12.9,  2.3  ,CANTIRLI-BEYPAZARI (ANKARA)
87,2022.12.31,00:29:25,40.791,30.9502,5.0,  2.0  ,ZEKERIYAKOY-GOLYAKA (DUZCE)
88,2022.12.31,00:11:46,39.6592,28.9988,4.3,  1.5  ,DELICEGUNEY-HARMANCIK (BURSA)
89,2022.12.30,23:52:33,34.501,24.8055,5.0,  3.8  ,GIRIT ADASI ACIKLARI (MEDITERRANEAN SEA)
90,2022.12.30,23:46:10,39.4057,28.2277,5.6,  2.6  ,DURASILAR-BIGADIC (BALIKESIR)
91,2022.12.30,23:41:50,40.8478,31.3917,7.0,  1.9  ,KIRIK-YIGILCA (DUZCE)
92,2022.12.30,23:30:58,40.7075,30.42,15.5,  1.3  ,KEMALIYE-ARIFIYE (SAKARYA)
93,2022.12.30,22:45:53,40.804,31.0622,11.0,  1.3  ,PASAKONAGI-(DUZCE)
94,2022.12.30,22:28:42,38.4612,39.272,6.4,  1.5  ,ALINCIK-SIVRICE (ELAZIG)
95,2022.12.30,20:55:31,40.1955,24.1822,13.1,  1.9  ,YUNANISTAN
96,2022.12.30,20:48:22,35.5965,25.7975,8.4,  1.5  ,GIRIT ADASI (MEDITERRANEAN SEA)
97,2022.12.30,20:41:21,39.9143,25.6772,5.5,  1.6  ,AEGEAN SEA
98,2022.12.30,20:10:18,36.7645,25.5053,7.9,  1.8  ,MEDITERRANEAN SEA
99,2022.12.30,20:07:15,35.5857,25.8053,2.2,  2.0  ,GIRIT ADASI (MEDITERRANEAN SEA)
100,2022.12.30,20:05:29,35.6153,25.8102,5.5,  2.6  ,GIRIT ADASI (MEDITERRANEAN SEA)
101,2022.12.30,19:59:37,35.6172,25.8075,5.8,  2.5  ,GIRIT ADASI (MEDITERRANEAN SEA)
102,2022.12.30,19:57:29,37.0355,29.5217,3.2,  1.5  ,EVCILER-GOLHISAR (BURDUR)
103,2022.12.30,19:37:17,38.266,24.2425,4.3,  2.7  ,AEGEAN SEA
104,2022.12.30,19:14:06,38.3667,27.2188,5.5,  2.1  ,GOKDERE-BORNOVA (IZMIR)
105,2022.12.30,19:13:33,40.6115,28.9637,11.0,  2.0  ,ESENKOY-CINARCIK (YALOVA)
106,2022.12.30,18:53:13,37.3065,29.1798,1.5,  1.0  ,BAHCEKOY-TAVAS (DENIZLI)
107,2022.12.30,18:38:41,38.3403,27.2275,6.1,  1.5  ,GOKDERE-BORNOVA (IZMIR)
108,2022.12.30,18:37:54,37.3432,29.5215,8.3,  1.3  ,KUMAFSARI-ACIPAYAM (DENIZLI)
109,2022.12.30,18:28:29,40.8608,31.541,17.6,  1.6  ,KOZLU-(BOLU)
110,2022.12.30,17:36:40,40.7693,30.9455,4.7,  1.3  ,ZEKERIYAKOY-GOLYAKA (DUZCE)
111,2022.12.30,17:08:04,38.3127,27.2118,7.8,  1.6  ,KISIK-MENDERES (IZMIR)
112,2022.12.30,16:52:33,35.308,26.658,5.0,  3.0  3.0,GIRIT ADASI (MEDITERRANEAN SEA)
113,2022.12.30,16:44:44,35.6215,25.8295,5.4,  2.4  ,GIRIT ADASI (MEDITERRANEAN SEA)
114,2022.12.30,16:36:33,35.1748,26.703,7.4,  2.0  ,GIRIT ADASI (MEDITERRANEAN SEA)
115,2022.12.30,15:55:15,39.4635,44.383,5.0,  2.8  ,UZUNYAZI-DOGUBAYAZIT (AGRI)
116,2022.12.30,15:29:05,35.4527,26.6703,8.9,  2.2  ,GIRIT ADASI (MEDITERRANEAN SEA)
117,2022.12.30,15:15:42,38.3393,27.2265,7.0,  2.5  ,GOKDERE-BORNOVA (IZMIR)
118,2022.12.30,14:58:12,38.3608,27.2257,7.0,  2.6  ,GOKDERE-BORNOVA (IZMIR)
119,2022.12.30,14:20:01,39.5515,26.1973,9.4,  1.4  ,YUKARIKOY-AYVACIK (CANAKKALE)
120,2022.12.30,14:01:41,39.1898,29.3978,16.1,  1.9  ,KARBASAN-HISARCIK (KUTAHYA)
121,2022.12.30,13:19:37,35.618,25.7442,8.4,  3.8  ,GIRIT ADASI (MEDITERRANEAN SEA)
122,2022.12.30,12:53:22,38.361,27.2142,6.1,  2.0  ,GOKDERE-BORNOVA (IZMIR)
123,2022.12.30,11:10:36,40.0013,41.8568,10.0,  2.4  ,ESENDERE-PASINLER (ERZURUM)
124,2022.12.30,10:29:03,40.6113,28.964,5.4,  3.4  3.2,ESENKOY-CINARCIK (YALOVA)
125,2022.12.30,10:15:06,36.2383,33.6862,0.0,  1.2  ,ISIKLI-SILIFKE (MERSIN)
126,2022.12.30,09:40:10,37.2843,31.9423,0.0,  1.8  ,SUSUZ-SEYDISEHIR (KONYA)
127,2022.12.30,09:30:12,38.365,27.2232,11.9,  1.9  ,GOKDERE-BORNOVA (IZMIR)
128,2022.12.30,09:11:48,40.7853,31.1708,5.1,  2.0  ,BEYKOY-(DUZCE)
129,2022.12.30,09:08:22,38.3612,27.2263,5.7,  1.8  ,GOKDERE-BORNOVA (IZMIR)
130,2022.12.30,08:54:31,36.9165,27.4447,9.3,  1.9  ,GOKOVA KORFEZI (MEDITERRANEAN SEA)
131,2022.12.30,08:41:41,38.3602,27.2025,2.9,  2.6  ,BUCA (IZMIR)
132,2022.12.30,08:40:01,38.3257,27.2868,13.7,  1.8  ,BELENBASI-BUCA (IZMIR)
133,2022.12.30,08:10:46,38.4127,27.2923,15.4,  1.5  ,KAVAKLIDERE-BORNOVA (IZMIR)
134,2022.12.30,08:06:17,38.3825,27.2628,10.7,  1.5  ,GOKDERE-BORNOVA (IZMIR)
135,2022.12.30,07:49:01,38.3722,27.2002,2.5,  2.9  ,BUCA (IZMIR)
136,2022.12.30,07:43:07,38.3788,27.2615,16.2,  1.5  ,GOKDERE-BORNOVA (IZMIR)
137,2022.12.30,07:40:18,38.3395,27.2095,22.9,  1.3  ,GOKDERE-BORNOVA (IZMIR)
138,2022.12.30,07:37:12,38.3102,27.2623,8.2,  1.8  ,BELENBASI-BUCA (IZMIR)
139,2022.12.30,07:20:01,38.3668,27.1983,4.5,  3.4  3.2,BUCA (IZMIR)
140,2022.12.30,07:12:53,38.3655,27.2362,11.7,  1.5  ,GOKDERE-BORNOVA (IZMIR)
141,2022.12.30,06:58:12,38.3575,27.226,5.0,  2.1  ,GOKDERE-BORNOVA (IZMIR)
142,2022.12.30,06:48:12,38.3533,27.2138,12.0,  1.9  ,GOKDERE-BORNOVA (IZMIR)
143,2022.12.30,06:42:58,38.3817,27.2253,1.8,  2.9  ,GOKDERE-BORNOVA (IZMIR)
144,2022.12.30,06:12:09,37.0908,28.4505,2.2,  1.8  ,ULA (MUGLA)
145,2022.12.30,06:11:40,37.0798,28.3848,10.4,  2.1  ,KIZILAGAC-ULA (MUGLA)
146,2022.12.30,06:08:54,38.3412,27.2043,11.7,  2.1  ,GOKDERE-BORNOVA (IZMIR)
147,2022.12.30,06:01:12,38.3058,27.2378,12.2,  1.7  ,BELENBASI-BUCA (IZMIR)
148,2022.12.30,05:57:43,38.3422,27.2233,6.4,  2.0  ,GOKDERE-BORNOVA (IZMIR)
149,2022.12.30,03:57:35,38.3417,27.2273,5.4,  1.9  ,GOKDERE-BORNOVA (IZMIR)
150,2022.12.30,03:21:42,37.0903,28.4257,6.8,  2.3  ,ULA (MUGLA)
151,2022.12.30,02:58:36,37.6353,30.7023,4.6,  2.1  ,CAMLIDERE-AGLASUN (BURDUR)
152,2022.12.30,02:52:30,38.3272,27.2152,7.6,  1.5  ,BELENBASI-BUCA (IZMIR)
153,2022.12.30,02:35:31,38.3407,27.2185,4.6,  1.5  ,GOKDERE-BORNOVA (IZMIR)
154,2022.12.30,02:29:53,38.3545,27.252,5.0,  1.4  ,GOKDERE-BORNOVA (IZMIR)
155,2022.12.30,02:29:23,38.3512,27.2328,2.8,  1.6  ,GOKDERE-BORNOVA (IZMIR)
156,2022.12.30,02:24:30,38.334,27.2118,9.8,  1.5  ,GOKDERE-BORNOVA (IZMIR)
157,2022.12.30,02:17:51,38.3502,27.2133,5.4,  2.4  ,GOKDERE-BORNOVA (IZMIR)
158,2022.12.30,02:05:21,37.895,29.2148,1.7,  1.7  ,IRLIGANLI-(DENIZLI)
159,2022.12.30,01:51:45,38.3575,27.2237,7.1,  1.7  ,GOKDERE-BORNOVA (IZMIR)
160,2022.12.29,22:45:54,40.751,30.8457,1.7,  1.1  ,KARADERE-HENDEK (SAKARYA)
161,2022.12.29,22:40:37,40.7812,30.8985,5.0,  1.1  ,BEKIROGLU-GOLYAKA (DUZCE)
162,2022.12.29,22:25:39,38.1358,40.296,9.4,  1.7  ,MERMER-SUR (DIYARBAKIR)
163,2022.12.29,22:02:15,40.8572,31.0793,17.6,  1.5  ,DIKMELI-CILIMLI (DUZCE)
164,2022.12.29,21:50:31,39.0263,34.4355,3.7,  2.0  ,KURUGOL-MUCUR (KIRSEHIR)
165,2022.12.29,21:23:56,37.9108,29.2197,6.9,  3.5  3.2,IRLIGANLI-(DENIZLI)
166,2022.12.29,20:27:22,38.4825,23.6473,5.0,  2.1  ,YUNANISTAN
167,2022.12.29,19:13:36,35.357,25.2842,5.0,  1.4  ,GIRIT ADASI (MEDITERRANEAN SEA)
168,2022.12.29,18:10:08,39.0683,27.7973,8.0,  1.9  ,ILYASLAR-KIRKAGAC (MANISA)
169,2022.12.29,17:47:23,39.7573,41.2878,3.4,  1.9  ,YALINCA-TEKMAN (ERZURUM)
170,2022.12.29,17:47:01,34.9878,37.6085,5.0,  3.0  2.7,SURIYE
171,2022.12.29,17:35:34,34.2633,24.541,14.1,  2.5  ,GIRIT ADASI ACIKLARI (MEDITERRANEAN SEA)
172,2022.12.29,17:16:23,38.5993,28.0153,7.8,  1.4  ,TEKELIOGLU-SALIHLI (MANISA)
173,2022.12.29,17:02:46,36.8155,35.267,5.9,  2.3  ,HACIHASAN-KARATAS (ADANA)
174,2022.12.29,17:02:31,37.9775,27.1838,10.5,  1.2  ,KUSADASI KORFEZI (AEGEAN SEA)
175,2022.12.29,16:15:19,37.378,29.5345,10.1,  1.0  ,DODURGALAR-ACIPAYAM (DENIZLI)
176,2022.12.29,16:15:02,37.9505,36.6835,5.4,  1.5  ,CAMLICA-(KAHRAMANMARAS)
177,2022.12.29,16:12:36,39.011,34.4232,9.2,  1.5  ,ALTINYAZI-MUCUR (KIRSEHIR)
178,2022.12.29,15:54:11,39.2123,26.7317,10.3,  1.0  ,ALTINOVA-AYVALIK (BALIKESIR)
179,2022.12.29,15:27:56,39.5502,26.3748,5.4,  1.7  ,ILYASFAKI-AYVACIK (CANAKKALE)
180,2022.12.29,15:16:01,38.3422,27.1522,4.8,  1.5  ,GAZIEMIR (IZMIR)
181,2022.12.29,15:01:03,38.539,30.668,4.7,  1.0  ,YARISLI-SUHUT (AFYONKARAHISAR)
182,2022.12.29,14:25:04,36.265,29.0693,6.6,  2.0  ,MEDITERRANEAN SEA
183,2022.12.29,14:03:45,35.8592,29.4238,10.4,  4.1  3.8,MEDITERRANEAN SEA
184,2022.12.29,13:28:44,40.7755,30.9703,5.2,  2.0  ,YAZLIK-GOLYAKA (DUZCE)
185,2022.12.29,13:10:56,40.6058,28.9997,10.7,  1.6  ,SENKOY-CINARCIK (YALOVA)
186,2022.12.29,12:37:45,39.589,29.2452,8.4,  2.0  ,CAMALAN-TAVSANLI (KUTAHYA)
187,2022.12.29,11:18:48,40.757,31.495,18.6,  1.6  ,KIZILAGIL-(BOLU)
188,2022.12.29,11:15:20,40.4492,29.1302,0.0,  1.9  ,GEMLIK (BURSA)
189,2022.12.29,10:35:50,37.4112,38.8625,5.0,  1.8  ,SEYHZELIHA-(SANLIURFA)
190,2022.12.29,10:11:07,40.6458,26.632,14.3,  1.0  ,GOKCETEPE-KESAN (EDIRNE)
191,2022.12.29,10:05:56,37.0325,28.2593,3.1,  2.1  ,GOKOVA KORFEZI (MEDITERRANEAN SEA)
192,2022.12.29,09:50:42,35.6828,25.8238,8.1,  2.1  ,MEDITERRANEAN SEA
193,2022.12.29,09:40:37,40.8248,31.361,3.3,  1.5  ,DARIYERIHASANBEY-KAYNASLI (DUZCE)
194,2022.12.29,09:23:45,36.505,30.4335,30.1,  1.9  ,BEYCIK-KEMER (ANTALYA)
195,2022.12.29,09:03:50,37.9657,29.2978,18.5,  1.0  ,BAKLANCAKIRLAR-CAL (DENIZLI)
196,2022.12.29,08:58:56,39.2987,33.4782,0.0,  1.4  ,IKIZLER-KAMAN (KIRSEHIR)
197,2022.12.29,08:29:58,38.6925,41.6135,13.7,  2.0  ,KARAAGACLI-(MUS)
198,2022.12.29,08:04:21,40.2993,31.6953,21.2,  2.0  ,DUDAS-BEYPAZARI (ANKARA)
199,2022.12.29,07:59:50,37.2675,36.9303,28.5,  0.7  ,INCIRLI-NURDAGI (GAZIANTEP)
200,2022.12.29,07:49:47,40.7597,31.0222,5.5,  1.4  ,HACIYAKUP-GOLYAKA (DUZCE)
201,2022.12.29,07:08:16,39.2693,27.698,0.0,  1.7  ,KOZLUOREN-SOMA (MANISA)
202,2022.12.29,07:05:39,40.842,42.8017,7.9,  2.0  ,BALCESME-GOLE (ARDAHAN)
203,2022.12.29,06:32:51,40.6718,30.4075,10.8,  1.7  ,KEMALIYE-ARIFIYE (SAKARYA)
204,2022.12.29,05:51:53,38.3467,30.7247,5.0,  1.1  ,DEMIRBEL-SUHUT (AFYONKARAHISAR)
205,2022.12.29,05:22:08,37.7838,29.413,5.0,  2.3  ,YUKARIDAGDERE-HONAZ (DENIZLI)
206,2022.12.29,05:01:09,39.0797,44.1995,12.1,  2.2  ,ARALIK-CALDIRAN (VAN)
207,2022.12.29,04:15:40,37.0853,28.4575,3.4,  2.1  ,ELMALI-ULA (MUGLA)
208,2022.12.29,04:08:29,40.2412,29.3277,6.1,  2.0  ,DUDAKLI-KESTEL (BURSA)
209,2022.12.29,04:00:14,38.1115,38.2957,5.0,  2.0  ,KALECIK-CELIKHAN (ADIYAMAN)
210,2022.12.29,03:39:30,36.3947,26.7662,112.7,  2.7  ,MEDITERRANEAN SEA
211,2022.12.29,03:19:32,38.7188,38.0843,8.9,  1.5  ,YESILPINAR-HEKIMHAN (MALATYA)
212,2022.12.29,03:13:36,37.2957,35.3953,9.5,  1.5  ,DOSEKEVI-KARAISALI (ADANA)
213,2022.12.29,02:56:22,40.7962,31.0837,11.1,  1.5  ,KUSACMASI-(DUZCE)
214,2022.12.29,01:31:53,38.3462,27.2008,4.6,  2.5  ,GOKDERE-BORNOVA (IZMIR)
215,2022.12.29,00:51:02,36.4117,26.9863,8.1,  3.2  3.2,MEDITERRANEAN SEA
216,2022.12.29,00:22:45,40.7907,30.918,5.6,  2.3  ,DEREKOY-GUMUSOVA (DUZCE)
217,2022.12.28,23:21:51,35.8572,32.6462,9.9,  2.1  ,ANAMUR ACIKLARI-MERSIN (MEDITERRANEAN SEA)
218,2022.12.28,22:31:05,41.0683,33.7605,5.0,  0.9  ,BOSTAN-(KASTAMONU)
219,2022.12.28,22:20:33,40.7693,31.0138,12.4,  1.2  ,HACIYAKUP-GOLYAKA (DUZCE)
220,2022.12.28,22:17:16,40.7268,30.9872,5.6,  1.4  ,BAKACAK-GOLYAKA (DUZCE)
221,2022.12.28,22:14:14,40.1475,31.7375,3.9,  1.9  ,CANTIRLI-BEYPAZARI (ANKARA)
222,2022.12.28,22:11:17,38.3372,27.2163,3.4,  1.0  ,GOKDERE-BORNOVA (IZMIR)
223,2022.12.28,21:19:40,37.3113,35.3445,15.1,  1.2  ,NUHLU-KARAISALI (ADANA)
224,2022.12.28,19:42:44,37.8028,29.715,8.4,  1.6  ,CARDAK (DENIZLI)
225,2022.12.28,18:56:24,38.358,38.8915,5.0,  2.0  ,KARAHUSEYIN-KALE (MALATYA)
226,2022.12.28,18:54:56,38.9648,26.1252,10.0,  2.4  ,MIDILLI ADASI GUNEYI (AEGEAN SEA)
227,2022.12.28,17:51:18,38.049,26.1793,10.8,  1.2  ,AEGEAN SEA
228,2022.12.28,17:36:14,38.473,26.7098,11.1,  1.4  ,IZMIR KORFEZI (AEGEAN SEA)
229,2022.12.28,16:39:07,39.5253,39.8802,16.5,  1.9  ,DAGYOLU-PULUMUR (TUNCELI)
230,2022.12.28,15:40:37,40.0395,42.268,2.7,  2.5  ,ALICEYREK-HORASAN (ERZURUM)
231,2022.12.28,15:23:50,35.6,31.0925,6.9,  2.2  ,MEDITERRANEAN SEA
232,2022.12.28,14:46:55,40.001,33.0517,11.4,  1.2  ,PURSAKLAR (ANKARA)
233,2022.12.28,14:37:51,40.782,30.9057,3.9,  1.5  ,BEKIROGLU-GOLYAKA (DUZCE)
234,2022.12.28,13:57:23,36.1218,28.1277,6.9,  2.0  ,RODOS ADASI (MEDITERRANEAN SEA)
235,2022.12.28,13:45:09,38.588,23.6645,26.8,  3.1  3.1,YUNANISTAN
236,2022.12.28,12:50:00,38.7373,24.4603,8.3,  3.0  ,AEGEAN SEA
237,2022.12.28,12:40:40,36.166,33.5625,0.0,  1.1  ,BUYUKECELI-GULNAR (MERSIN)
238,2022.12.28,12:24:18,38.5835,23.6765,5.0,  4.6  ,YUNANISTAN
239,2022.12.28,11:46:35,39.4513,26.2788,17.3,  1.6  ,EDREMIT KORFEZI (AEGEAN SEA)
240,2022.12.28,11:32:53,39.3052,25.9617,15.8,  2.2  ,BADEMLI ACIKLARI-CANAKKALE (AEGEAN SEA)
241,2022.12.28,11:11:49,37.9728,32.5517,0.0,  1.4  ,SELCUKLU (KONYA)
242,2022.12.28,10:50:59,35.7632,25.9297,2.6,  2.7  ,MEDITERRANEAN SEA
243,2022.12.28,10:48:36,40.2717,36.546,2.4,  1.5  ,GOKCE-(TOKAT)
244,2022.12.28,10:33:52,37.1317,27.39,4.9,  1.0  ,GOLTURKBUKU-BODRUM (MUGLA)
245,2022.12.28,10:29:10,35.7297,25.805,16.8,  1.7  ,MEDITERRANEAN SEA
246,2022.12.28,10:18:28,40.4737,29.185,0.0,  1.3  ,SAHINYURDU-GEMLIK (BURSA)
247,2022.12.28,10:12:29,35.2947,25.2908,10.7,  2.1  ,GIRIT ADASI (MEDITERRANEAN SEA)
248,2022.12.28,09:58:23,35.2722,33.2693,0.0,  1.3  ,KIBRIS-GIRNE
249,2022.12.28,09:49:12,36.1553,33.929,25.2,  1.2  ,SILIFKE ACIKLARI-MERSIN (MEDITERRANEAN SEA)
250,2022.12.28,09:38:01,39.331,33.5843,19.1,  1.2  ,KARGINKIZIKOZU-KAMAN (KIRSEHIR)
251,2022.12.28,09:34:54,39.8742,28.8015,0.0,  1.7  ,YENIDANISMENT-ORHANELI (BURSA)
252,2022.12.28,09:25:13,37.4717,40.2585,5.0,  1.7  ,UCKUYU-DERIK (MARDIN)
253,2022.12.28,09:09:36,35.8038,24.8742,29.7,  3.0  ,GIRIT ADASI (MEDITERRANEAN SEA)
254,2022.12.28,08:59:13,35.6382,25.8142,9.4,  2.3  ,GIRIT ADASI (MEDITERRANEAN SEA)
255,2022.12.28,08:47:49,38.2147,38.0623,0.0,  1.2  ,ISIKLI-YESILYURT (MALATYA)
256,2022.12.28,08:26:34,35.6375,23.5922,9.1,  2.8  ,GIRIT ADASI (MEDITERRANEAN SEA)
257,2022.12.28,08:21:20,37.5173,36.1377,7.9,  2.5  ,KOCLU-KADIRLI (OSMANIYE)
258,2022.12.28,08:11:20,34.8363,24.9847,20.7,  3.0  ,GIRIT ADASI ACIKLARI (MEDITERRANEAN SEA)
259,2022.12.28,07:55:30,41.1003,34.1192,4.8,  1.8  ,CELTIKCI-TOSYA (KASTAMONU)
260,2022.12.28,07:52:07,41.1233,34.1912,5.0,  2.4  ,CAYBASI-TOSYA (KASTAMONU)
261,2022.12.28,07:45:11,41.0953,34.2123,1.9,  3.9  4.0,CAYBASI-TOSYA (KASTAMONU)
262,2022.12.28,07:25:48,36.2167,33.5838,0.0,  1.1  ,TEPE-GULNAR (MERSIN)
263,2022.12.28,07:03:28,35.1255,25.2743,7.7,  2.2  ,GIRIT ADASI (MEDITERRANEAN SEA)
264,2022.12.28,07:00:27,39.1227,27.5835,0.0,  1.7  ,ADIL-SOMA (MANISA)
265,2022.12.28,06:50:56,35.6395,25.7908,4.3,  3.7  ,GIRIT ADASI (MEDITERRANEAN SEA)
266,2022.12.28,06:14:23,38.3028,31.7175,18.9,  1.4  ,ARGITHANI-ILGIN (KONYA)
267,2022.12.28,06:11:12,37.0772,28.3842,13.6,  1.5  ,KIZILAGAC-ULA (MUGLA)
268,2022.12.28,06:04:57,39.1247,28.2652,11.3,  1.5  ,YUREGIL-SINDIRGI (BALIKESIR)
269,2022.12.28,04:42:12,37.1047,29.0213,17.8,  2.4  ,SANDALCIK-ACIPAYAM (DENIZLI)
270,2022.12.28,03:32:39,40.4397,27.1128,13.4,  1.4  ,DEGIRMENCIK-BIGA (CANAKKALE)
271,2022.12.28,03:20:22,35.3272,26.9522,6.1,  2.2  ,GIRIT ADASI (MEDITERRANEAN SEA)
272,2022.12.28,03:19:23,34.6927,27.1423,20.2,  2.5  ,GIRIT ADASI ACIKLARI (MEDITERRANEAN SEA)
273,2022.12.28,02:54:00,40.7592,31.0225,10.6,  1.6  ,HACIYAKUP-GOLYAKA (DUZCE)
274,2022.12.28,02:11:03,34.707,32.3497,9.4,  3.8  3.9,KIBRIS RUM KESIMI
275,2022.12.28,01:59:25,37.8785,26.9253,8.1,  2.3  ,KUSADASI KORFEZI (AEGEAN SEA)
276,2022.12.28,01:37:33,39.681,23.2253,5.0,  2.3  ,YUNANISTAN
277,2022.12.28,01:12:29,39.4732,26.2335,6.9,  2.7  ,BEKTAS-AYVACIK (CANAKKALE)
278,2022.12.28,01:05:07,35.2132,23.6345,22.3,  2.2  ,GIRIT ADASI (MEDITERRANEAN SEA)
279,2022.12.28,00:42:11,40.7687,31.078,10.6,  1.4  ,GOLORMANI-(DUZCE)
280,2022.12.28,00:39:33,38.9933,29.4588,10.2,  1.6  ,ALTINKENT-GEDIZ (KUTAHYA)
281,2022.12.28,00:17:52,40.6593,30.3288,17.8,  1.3  ,ILIMBEY-GEYVE (SAKARYA)
282,2022.12.28,00:12:20,40.8,31.3992,6.6,  2.0  ,DARIYERIHASANBEY-KAYNASLI (DUZCE)
283,2022.12.27,22:01:02,37.2937,31.082,115.9,  1.7  ,BALLIBUCAK-MANAVGAT (ANTALYA)
284,2022.12.27,20:30:48,38.1685,30.886,11.9,  1.7  ,AKDAG-GELENDOST (ISPARTA)
285,2022.12.27,20:16:04,39.9677,41.5317,20.2,  1.6  ,YIGITTASI-PASINLER (ERZURUM)
286,2022.12.27,20:02:38,37.345,37.1157,8.6,  1.0  ,KARACAY-PAZARCIK (KAHRAMANMARAS)
287,2022.12.27,19:55:00,37.4142,37.1827,5.0,  1.7  ,DOGANLI-PAZARCIK (KAHRAMANMARAS)
288,2022.12.27,19:46:31,40.4202,28.3728,5.5,  2.5  ,BAYRAMDERE-KARACABEY (BURSA)
289,2022.12.27,19:21:51,41.194,43.8812,5.4,  2.9  ,GURCISTAN
290,2022.12.27,19:06:24,37.4158,37.129,3.8,  1.6  ,DOGANLI-PAZARCIK (KAHRAMANMARAS)
291,2022.12.27,18:34:59,40.8518,42.863,5.0,  2.9  ,BALCESME-GOLE (ARDAHAN)
292,2022.12.27,18:33:37,36.7855,28.2752,62.0,  3.5  ,TURUNC-MARMARIS (MUGLA)
293,2022.12.27,18:15:06,37.3758,37.1073,6.0,  3.6  ,MAKSUTUSAGI-PAZARCIK (KAHRAMANMARAS)
294,2022.12.27,18:09:34,37.42,37.1247,6.5,  2.1  ,DENIZLI-PAZARCIK (KAHRAMANMARAS)
295,2022.12.27,17:27:01,40.8322,42.8192,14.3,  2.4  ,BALCESME-GOLE (ARDAHAN)
296,2022.12.27,16:55:25,39.987,42.1685,11.7,  1.9  ,GUNDEGER-HORASAN (ERZURUM)
297,2022.12.27,16:33:14,40.0447,42.2515,5.0,  3.6  3.9,CIFTLIK-HORASAN (ERZURUM)
298,2022.12.27,16:10:50,34.613,23.8547,5.0,  2.9  ,GIRIT ADASI ACIKLARI (MEDITERRANEAN SEA)
299,2022.12.27,14:52:32,35.5138,27.3072,4.4,  2.2  ,MEDITERRANEAN SEA
300,2022.12.27,14:26:31,39.7022,32.2957,0.0,  2.3  ,POYRAZ-POLATLI (ANKARA)
301,2022.12.27,13:36:43,39.4298,41.0177,16.6,  1.7  ,CUKURTEPE-KARLIOVA (BINGOL)
302,2022.12.27,13:28:25,40.805,31.0323,4.5,  2.2  ,ICMELER-GOLYAKA (DUZCE)
303,2022.12.27,13:23:15,40.8427,31.0975,27.7,  1.4  ,YENITASKOPRU-(DUZCE)
304,2022.12.27,13:14:47,39.5053,41.1888,5.5,  2.6  ,YIGITLER-TEKMAN (ERZURUM)
305,2022.12.27,12:50:02,38.2992,28.1652,14.6,  1.6  ,CATAK-KIRAZ (IZMIR)
306,2022.12.27,12:22:01,36.0837,33.5738,5.0,  1.6  ,AYDINLIK ACIKLARI-MERSIN (MEDITERRANEAN SEA
307,2022.12.27,11:51:19,39.2973,43.8138,5.2,  2.1  ,ATADAMI-DIYADIN (AGRI)
308,2022.12.27,10:49:35,37.2117,44.2985,3.1,  2.9  ,KONUR-SEMDINLI (HAKKARI)
309,2022.12.27,10:34:10,37.3912,29.4083,11.7,  1.6  ,YENIKOY-ACIPAYAM (DENIZLI)
310,2022.12.27,10:21:53,38.521,39.3242,69.9,  1.6  ,GUNEYKOY-SIVRICE (ELAZIG)
311,2022.12.27,10:08:08,39.8283,28.7585,6.3,  1.9  ,YUKARIBALI-MUSTAFAKEMALPASA (BURSA)
312,2022.12.27,10:05:45,40.2538,29.1052,0.0,  1.6  ,KAZIKLI-GURSU (BURSA)
313,2022.12.27,09:40:03,36.6672,36.1997,4.2,  1.5  ,SARISEKI-ISKENDERUN (HATAY)
314,2022.12.27,09:17:07,37.0098,35.7373,0.0,  1.2  ,KUCUKBURHANIYE-CEYHAN (ADANA)
315,2022.12.27,09:12:40,39.749,27.1862,5.9,  1.8  ,KARAAYDIN-YENICE (CANAKKALE)
316,2022.12.27,08:47:34,38.7428,39.5362,11.7,  1.7  ,OSMANAGAKOY-KOVANCILAR (ELAZIG)
317,2022.12.27,07:48:43,39.4805,25.2135,2.0,  2.7  ,AEGEAN SEA
318,2022.12.27,07:31:33,37.2633,38.6635,0.0,  2.1  ,ISAOREN-(SANLIURFA)
319,2022.12.27,07:15:30,40.7177,36.4787,6.6,  1.9  ,HACIPAZAR-ERBAA (TOKAT)
320,2022.12.27,07:10:07,39.2832,25.9753,5.0,  1.8  ,MIDILLI ADASI (AEGEAN SEA)
321,2022.12.27,06:54:14,40.4617,27.1028,1.3,  1.3  ,DEGIRMENCIK-BIGA (CANAKKALE)
322,2022.12.27,05:37:30,37.1047,28.3993,3.5,  2.4  ,ULA (MUGLA)
323,2022.12.27,05:36:17,37.0978,28.433,7.7,  1.9  ,ULA (MUGLA)
324,2022.12.27,04:39:58,39.513,36.5553,9.7,  2.9  ,BUYUKYUREGIL-SARKISLA (SIVAS)
325,2022.12.27,03:36:30,40.313,27.1502,9.6,  1.8  ,GEYIKKIRI-BIGA (CANAKKALE)
326,2022.12.27,02:50:18,40.7755,30.9605,6.6,  1.4  ,YESILOVA-GOLYAKA (DUZCE)
327,2022.12.27,01:06:01,38.8312,26.4065,8.7,  2.3  ,AEGEAN SEA
328,2022.12.26,23:06:59,38.3703,27.2292,5.4,  2.6  ,GOKDERE-BORNOVA (IZMIR)
329,2022.12.26,20:15:54,40.14,31.7053,12.0,  2.8  ,ULUKOY-NALLIHAN (ANKARA)
330,2022.12.26,19:31:45,39.7068,25.5997,10.2,  1.8  ,AEGEAN SEA
331,2022.12.26,19:03:48,37.328,29.4885,7.5,  1.4  ,KUMAFSARI-ACIPAYAM (DENIZLI)
332,2022.12.26,18:50:31,37.3467,29.4845,9.5,  2.1  ,KUMAFSARI-ACIPAYAM (DENIZLI)
333,2022.12.26,18:23:49,37.3367,29.4943,7.9,  2.6  ,KUMAFSARI-ACIPAYAM (DENIZLI)
334,2022.12.26,17:14:55,37.9383,36.5448,5.0,  2.2  ,KURUCAOVA-(KAHRAMANMARAS)
335,2022.12.26,16:05:05,38.29,30.736,8.1,  1.2  ,OYNAGAN-SUHUT (AFYONKARAHISAR)
336,2022.12.26,14:14:34,34.8755,25.6897,5.0,  2.8  ,GIRIT ADASI ACIKLARI (MEDITERRANEAN SEA)
337,2022.12.26,14:02:27,39.2875,27.6755,0.0,  1.6  ,GOKTAS-SOMA (MANISA)
338,2022.12.26,13:18:28,38.3633,27.1803,11.5,  1.8  ,BUCA (IZMIR)
339,2022.12.26,12:57:20,41.1632,28.7265,0.0,  1.2  ,HACIMASLI-ARNAVUTKOY (ISTANBUL)
340,2022.12.26,12:10:13,35.824,29.9982,5.0,  2.4  ,MEDITERRANEAN SEA
341,2022.12.26,12:00:11,38.288,38.8367,5.0,  1.7  ,BOLUKKAYA-PUTURGE (MALATYA)
342,2022.12.26,11:36:50,39.6062,33.8063,12.1,  1.0  ,CERITOBASI-KESKIN (KIRIKKALE)
343,2022.12.26,11:25:17,38.718,30.3833,6.2,  2.2  ,TINAZTEPE-SINANPASA (AFYONKARAHISAR)
344,2022.12.26,10:47:40,42.7352,43.426,5.0,  3.5  3.2,GURCISTAN
345,2022.12.26,10:42:17,41.197,40.3235,13.6,  2.3  ,RIZE ACIKLARI (KARADENIZ)
346,2022.12.26,10:16:08,38.306,27.2278,5.0,  1.4  ,YESILKOY-TORBALI (IZMIR)
347,2022.12.26,10:08:50,37.0543,36.1533,6.5,  1.9  ,TOPRAKKALE (OSMANIYE)
348,2022.12.26,10:02:10,38.2473,24.235,3.2,  3.4  ,AEGEAN SEA
349,2022.12.26,09:57:45,39.257,27.7447,7.0,  2.4  ,TEKELI ISIKLAR-SOMA (MANISA)
350,2022.12.26,09:51:30,42.66,43.6882,9.6,  3.6  3.9,GURCISTAN
351,2022.12.26,09:35:38,40.5045,27.6095,5.0,  1.5  ,PASALIMANI-ERDEK (BALIKESIR)
352,2022.12.26,09:24:03,40.8695,43.0417,5.0,  1.9  ,KIRKPINAR-SUSUZ (KARS)
353,2022.12.26,09:05:39,36.6007,36.3625,19.7,  1.4  ,ALIBEYCAGILI-KIRIKHAN (HATAY)
354,2022.12.26,08:50:23,36.451,36.5058,21.1,  1.5  ,MURATPASAKIZILKAYA-KIRIKHAN (HATAY)
355,2022.12.26,08:03:25,37.2122,36.084,5.6,  2.8  ,ORHANIYE-(OSMANIYE)
356,2022.12.26,08:01:54,38.9285,27.3628,4.5,  2.6  ,RECEPLI-(MANISA)
357,2022.12.26,07:38:14,40.7995,31.0613,7.5,  1.7  ,PASAKONAGI-(DUZCE)
358,2022.12.26,07:16:02,40.9137,31.0397,4.3,  1.8  ,HIZARDERE-CILIMLI (DUZCE)
359,2022.12.26,07:14:19,40.5263,32.8552,4.7,  1.8  ,OLUCAK-KIZILCAHAMAM (ANKARA)
360,2022.12.26,06:51:28,35.8755,30.044,20.3,  2.0  ,MEDITERRANEAN SEA
361,2022.12.26,05:39:36,37.8332,26.7382,5.0,  2.3  ,AEGEAN SEA
362,2022.12.26,04:51:43,40.7627,31.01,5.2,  1.3  ,HACIYAKUP-GOLYAKA (DUZCE)
363,2022.12.26,04:33:41,38.2847,24.2728,6.6,  3.8  ,YUNANISTAN
364,2022.12.26,04:18:15,37.8632,26.9448,4.8,  1.1  ,KUSADASI KORFEZI (AEGEAN SEA)
365,2022.12.26,04:09:38,38.2055,31.0848,14.4,  1.8  ,EGIRLER-YALVAC (ISPARTA)
366,2022.12.26,04:06:35,38.1923,31.0537,2.2,  1.6  ,MADENLI-GELENDOST (ISPARTA)
367,2022.12.26,03:46:59,39.8637,28.7722,23.7,  1.0  ,GAZIOLUK-ORHANELI (BURSA)
368,2022.12.26,03:26:00,39.8453,28.7982,5.3,  1.4  ,GAZIOLUK-ORHANELI (BURSA)
369,2022.12.26,03:21:47,39.914,40.6735,9.5,  1.6  ,GUMUSSEREN-ASKALE (ERZURUM)
370,2022.12.26,02:18:03,35.5577,25.8915,12.7,  2.9  ,GIRIT ADASI (MEDITERRANEAN SEA)
371,2022.12.26,02:08:48,39.9097,26.0557,10.0,  0.9  ,UVECIK ACIKLARI-CANAKKALE (AEGEAN SEA)
372,2022.12.26,02:01:54,38.1955,31.0567,9.0,  2.0  ,MADENLI-GELENDOST (ISPARTA)
373,2022.12.26,01:45:11,39.888,40.6323,5.0,  3.0  ,SARIBABA-ASKALE (ERZURUM)
374,2022.12.26,01:44:46,39.8547,42.2588,23.3,  2.2  ,YAZILITAS-HORASAN (ERZURUM)
375,2022.12.26,01:25:34,38.3458,27.2243,5.4,  1.7  ,GOKDERE-BORNOVA (IZMIR)
376,2022.12.26,01:19:55,40.7315,30.9602,5.2,  1.2  ,SACMALIPINAR-GOLYAKA (DUZCE)
377,2022.12.26,01:00:09,38.7777,43.4157,5.0,  1.7  ,PIRGARIP-(VAN)
378,2022.12.26,00:47:08,36.3667,29.4737,17.3,  1.3  ,CAMLIOVA-KAS (ANTALYA)
379,2022.12.26,00:44:55,38.8905,43.601,5.0,  2.5  ,SAGLAMTAS-(VAN)
380,2022.12.26,00:19:40,37.3552,29.4998,7.8,  1.4  ,KUMAFSARI-ACIPAYAM (DENIZLI)
381,2022.12.25,23:13:16,37.3318,29.5132,9.1,  1.3  ,KUMAFSARI-ACIPAYAM (DENIZLI)
382,2022.12.25,22:36:55,36.3515,27.8453,53.6,  2.2  ,MEDITERRANEAN SEA
383,2022.12.25,22:33:41,40.1785,31.789,13.8,  1.6  ,HIRKATEPE-BEYPAZARI (ANKARA)
384,2022.12.25,22:32:56,40.8108,30.954,5.0,  1.3  ,YILDIZTEPE-GUMUSOVA (DUZCE)
385,2022.12.25,22:11:57,40.7418,30.986,8.0,  1.1  ,BAKACAK-GOLYAKA (DUZCE)
386,2022.12.25,22:07:46,40.1732,31.7523,5.0,  2.0  ,HIRKATEPE-BEYPAZARI (ANKARA)
387,2022.12.25,22:03:01,37.0872,28.4335,11.3,  0.8  ,ULA (MUGLA)
388,2022.12.25,22:01:08,37.2915,28.0682,11.2,  1.5  ,YESILKOY-YATAGAN (MUGLA)
389,2022.12.25,21:57:34,37.2983,28.086,5.2,  1.4  ,YESILKOY-YATAGAN (MUGLA)
390,2022.12.25,21:43:36,40.8032,30.9583,4.9,  1.1  ,YILDIZTEPE-GUMUSOVA (DUZCE)
391,2022.12.25,21:27:16,40.753,31.013,6.5,  1.4  ,HACIYAKUP-GOLYAKA (DUZCE)
392,2022.12.25,21:26:45,37.4317,37.1512,7.0,  1.5  ,ESKINARLI-PAZARCIK (KAHRAMANMARAS)
393,2022.12.25,20:48:36,37.0842,28.4015,12.0,  1.1  ,ULA (MUGLA)
394,2022.12.25,20:17:31,35.3725,25.8847,19.9,  3.3  3.1,GIRIT ADASI (MEDITERRANEAN SEA)
395,2022.12.25,20:14:05,37.0625,28.9312,8.2,  2.6  ,OTMANLAR-KOYCEGIZ (MUGLA)
396,2022.12.25,19:41:20,35.6405,27.5525,5.0,  2.7  ,MEDITERRANEAN SEA
397,2022.12.25,19:06:03,37.077,28.429,13.6,  0.8  ,YESILOVA-ULA (MUGLA)
398,2022.12.25,18:33:01,40.6147,27.5537,16.9,  1.3  ,MARMARA (BALIKESIR)
399,2022.12.25,18:21:25,36.7707,29.2093,10.4,  0.8  ,INCIRKOY-FETHIYE (MUGLA)
400,2022.12.25,17:44:01,38.2273,38.7943,2.7,  1.8  ,ORMANICI-PUTURGE (MALATYA)
401,2022.12.25,17:31:37,39.2413,26.7552,6.2,  1.3  ,ALTINOVA-AYVALIK (BALIKESIR)
402,2022.12.25,17:24:30,37.065,28.379,14.6,  1.2  ,GOKOVA-ULA (MUGLA)
403,2022.12.25,16:54:40,37.0698,28.364,4.3,  1.4  ,KIZILAGAC-ULA (MUGLA)
404,2022.12.25,16:13:35,37.0623,28.0782,4.3,  3.1  3.1,ZEYTIN-(MUGLA)
405,2022.12.25,16:12:51,37.0662,28.1093,11.8,  2.0  ,SARNICKOY-(MUGLA)
406,2022.12.25,15:55:35,38.0312,26.1143,5.4,  1.9  ,AEGEAN SEA
407,2022.12.25,15:28:44,40.7802,30.9762,5.1,  2.3  ,YAZLIK-GOLYAKA (DUZCE)
408,2022.12.25,15:15:44,37.8582,26.8673,5.3,  1.4  ,KUSADASI KORFEZI (AEGEAN SEA)
409,2022.12.25,14:58:03,39.3573,40.6262,2.8,  1.8  ,ELMALI-YEDISU (BINGOL)
410,2022.12.25,14:53:20,38.9477,28.1673,15.3,  1.3  ,CITAK-AKHISAR (MANISA)
411,2022.12.25,14:50:39,37.8073,27.0082,5.5,  1.9  ,KUSADASI KORFEZI (AEGEAN SEA)
412,2022.12.25,14:44:18,39.4462,31.558,0.0,  1.4  ,SIVRIHISAR (ESKISEHIR)
413,2022.12.25,14:35:29,35.8352,26.7533,3.5,  2.2  ,MEDITERRANEAN SEA
414,2022.12.25,14:29:43,40.8222,31.3442,6.0,  2.2  ,SARICOKEK-KAYNASLI (DUZCE)
415,2022.12.25,14:16:50,37.2852,29.1035,35.1,  1.3  ,BALKICA-TAVAS (DENIZLI)
416,2022.12.25,14:06:35,40.662,27.3853,3.4,  0.9  ,GUZELKOY ACIKLARI-TEKIRDAG (MARMARA SEA)
417,2022.12.25,13:37:03,38.0253,42.0313,5.0,  2.6  ,DAMLI-SIRVAN (SIIRT)
418,2022.12.25,13:07:29,37.1047,28.429,3.4,  1.7  ,ULA (MUGLA)
419,2022.12.25,12:16:57,37.3582,29.5087,6.7,  2.0  ,KUMAFSARI-ACIPAYAM (DENIZLI)
420,2022.12.25,11:04:17,40.8295,31.6842,9.1,  1.4  ,GOLCUK-(BOLU)
421,2022.12.25,10:14:29,37.0763,27.9637,0.0,  2.0  ,PINARKOY-MILAS (MUGLA)
422,2022.12.25,10:03:32,36.9413,27.6272,4.2,  1.8  ,GOKOVA KORFEZI (MEDITERRANEAN SEA)
423,2022.12.25,09:06:08,35.842,30.9385,4.9,  3.1  3.2,MEDITERRANEAN SEA
424,2022.12.25,08:55:14,37.3437,29.5235,7.1,  3.4  3.4,KUMAFSARI-ACIPAYAM (DENIZLI)
425,2022.12.25,08:43:11,37.335,29.516,7.1,  2.7  ,KUMAFSARI-ACIPAYAM (DENIZLI)
426,2022.12.25,08:41:03,38.7217,31.287,6.8,  1.7  ,ORTAKARABAG-BOLVADIN (AFYONKARAHISAR)
427,2022.12.25,07:53:47,38.5383,43.0388,14.4,  1.5  ,VAN GOLU
428,2022.12.25,06:31:32,40.6968,27.4392,13.1,  1.2  ,GUZELKOY ACIKLARI-TEKIRDAG (MARMARA SEA)
429,2022.12.25,05:52:58,37.9717,27.1465,2.7,  1.9  ,KUSADASI KORFEZI (AEGEAN SEA)
430,2022.12.25,04:57:34,40.7943,30.98,5.3,  2.5  ,YAZLIK-GOLYAKA (DUZCE)
431,2022.12.25,04:42:11,40.7433,30.8328,11.7,  1.4  ,KARADERE-HENDEK (SAKARYA)
432,2022.12.25,04:35:47,41.1002,32.1962,7.1,  2.2  ,HISARKOY-YENICE (KARABUK)
433,2022.12.25,03:30:56,37.3447,29.4663,3.5,  0.8  ,BEDIRBEY-ACIPAYAM (DENIZLI)
434,2022.12.25,03:28:52,39.0932,27.3068,15.7,  1.9  ,YAYAKENT-KINIK (IZMIR)
435,2022.12.25,03:18:44,40.1013,32.7562,5.0,  2.2  ,GUVENC-KAZAN (ANKARA)
436,2022.12.25,02:56:50,36.1017,28.109,5.2,  2.8  ,RODOS ADASI (MEDITERRANEAN SEA)
437,2022.12.25,02:38:30,38.3715,27.3032,8.0,  2.2  ,GOKDERE-BORNOVA (IZMIR)
438,2022.12.25,02:38:21,37.0552,28.4572,3.6,  2.3  ,ELMALI-ULA (MUGLA)
439,2022.12.25,02:13:34,38.3368,27.156,7.3,  1.9  ,GAZIEMIR (IZMIR)
440,2022.12.25,02:11:50,38.8252,32.9047,5.3,  0.7  ,DAMLAKUYU-CIHANBEYLI (KONYA)
441,2022.12.25,02:05:36,40.0398,27.8015,2.3,  0.6  ,OMERLER-GONEN (BALIKESIR)
442,2022.12.25,01:20:34,40.8353,31.7113,11.8,  1.8  ,YESILCELE-(BOLU)
443,2022.12.25,00:43:08,37.0855,28.4303,11.6,  1.8  ,YESILOVA-ULA (MUGLA)
444,2022.12.25,00:39:59,37.4253,37.1332,12.7,  1.2  ,ESKINARLI-PAZARCIK (KAHRAMANMARAS)
445,2022.12.25,00:28:02,37.2693,37.2265,12.2,  0.8  ,KOKSALAN-SEHITKAMIL (GAZIANTEP)
446,2022.12.25,00:25:50,38.3535,27.225,3.7,  1.1  ,GOKDERE-BORNOVA (IZMIR)
447,2022.12.25,00:08:38,37.0403,28.0492,5.0,  1.2  ,KULTAK-MILAS (MUGLA)
448,2022.12.25,00:03:53,39.6733,34.2995,5.0,  0.8  ,TEPECIK-CICEKDAGI (KIRSEHIR)
449,2022.12.25,00:03:22,36.5823,29.1662,29.4,  1.1  ,OLUDENIZ-FETHIYE (MUGLA)
450,2022.12.24,23:39:16,40.1847,31.7185,4.0,  2.8  ,SEKLI-BEYPAZARI (ANKARA)
451,2022.12.24,23:29:34,38.3528,27.2187,6.9,  2.5  ,GOKDERE-BORNOVA (IZMIR)
452,2022.12.24,23:12:03,40.7158,36.6145,6.3,  1.2  ,CATILI-ERBAA (TOKAT)
453,2022.12.24,21:05:35,39.1112,29.127,6.0,  1.5  ,SENKOY-SIMAV (KUTAHYA)
454,2022.12.24,19:53:21,35.0138,32.5175,24.7,  2.0  ,KIBRIS RUM KESIMI
455,2022.12.24,19:23:17,37.0615,28.3253,14.9,  0.6  ,AKYAKA-ULA (MUGLA)
456,2022.12.24,18:33:59,38.3593,27.2252,5.6,  1.9  ,GOKDERE-BORNOVA (IZMIR)
457,2022.12.24,17:38:53,38.276,24.2355,81.1,  2.4  ,AEGEAN SEA
458,2022.12.24,16:27:41,38.2108,38.7445,5.5,  2.0  ,PAZARCIK-PUTURGE (MALATYA)
459,2022.12.24,15:53:05,37.555,38.5383,5.8,  2.9  ,KOVANOLUK-SAMSAT (ADIYAMAN)
460,2022.12.24,12:30:38,35.9053,31.2547,11.5,  2.7  ,MEDITERRANEAN SEA
461,2022.12.24,12:24:51,35.7995,29.5497,27.3,  2.3  ,MEDITERRANEAN SEA
462,2022.12.24,11:29:14,40.3547,27.3873,6.9,  1.8  ,BOZLAR-BIGA (CANAKKALE)
463,2022.12.24,11:28:28,37.1933,28.3325,11.8,  1.2  ,AKKAYA-(MUGLA)
464,2022.12.24,10:15:07,36.6707,28.1825,63.4,  1.9  ,BOZBURUN ACIKLARI-MUGLA (MEDITERRANEAN SEA)
465,2022.12.24,09:36:19,39.8723,28.8292,0.0,  2.0  ,ALTINTAS-ORHANELI (BURSA)
466,2022.12.24,09:01:52,40.511,29.2915,0.0,  1.2  ,ORHANGAZI (BURSA)
467,2022.12.24,07:35:43,38.6235,45.0332,5.0,  3.6  ,IRAN
468,2022.12.24,06:27:33,38.3708,27.2683,9.8,  1.4  ,GOKDERE-BORNOVA (IZMIR)
469,2022.12.24,05:50:30,38.3668,27.2645,5.4,  1.6  ,GOKDERE-BORNOVA (IZMIR)
470,2022.12.24,05:49:17,40.9483,31.9958,0.0,  1.0  ,BOLUKOREN-MENGEN (BOLU)
471,2022.12.24,05:33:47,38.3178,27.2232,9.2,  1.6  ,BELENBASI-BUCA (IZMIR)
472,2022.12.24,04:28:25,38.357,26.6278,5.0,  2.4  ,BARBAROS-URLA (IZMIR)
473,2022.12.24,03:59:46,37.2245,28.535,5.1,  1.4  ,OZLUCE-(MUGLA)
474,2022.12.24,03:56:47,37.8188,27.1372,29.2,  0.6  ,KUSADASI KORFEZI (AEGEAN SEA)
475,2022.12.24,03:45:45,37.3947,37.135,12.1,  1.4  ,NARLI-PAZARCIK (KAHRAMANMARAS)
476,2022.12.24,03:43:44,40.5123,37.1027,1.4,  1.6  ,SARIAGIL-BASCIFTLIK (TOKAT)
477,2022.12.24,03:11:21,40.5748,27.6327,13.6,  2.2  ,GUNDOGDU-MARMARA (BALIKESIR)
478,2022.12.24,02:56:17,37.7018,27.6147,15.0,  1.1  ,KIZILKAYA-KOCARLI (AYDIN)
479,2022.12.24,02:23:51,37.4313,37.1598,7.2,  2.5  ,ESKINARLI-PAZARCIK (KAHRAMANMARAS)
480,2022.12.24,02:11:59,38.7318,43.1748,3.8,  1.9  ,VAN GOLU
481,2022.12.24,02:05:14,37.4525,37.215,5.4,  1.2  ,BOLUKCAM-PAZARCIK (KAHRAMANMARAS)
482,2022.12.24,01:44:28,37.1315,28.574,11.4,  1.9  ,ARICILAR-ULA (MUGLA)
483,2022.12.24,01:24:09,38.2643,26.6488,16.0,  1.4  ,YAGCILAR-URLA (IZMIR)
484,2022.12.24,00:39:13,38.6212,27.9382,6.9,  1.5  ,HACIVELILER-GOLMARMARA (MANISA)
485,2022.12.24,00:35:58,40.1863,31.7227,6.4,  2.0  ,SEKLI-BEYPAZARI (ANKARA)
486,2022.12.24,00:29:54,40.8068,31.6585,5.0,  1.7  ,CUKUROREN-(BOLU)
487,2022.12.24,00:13:44,38.1813,30.9507,6.9,  2.2  ,KOKE-GELENDOST (ISPARTA)
488,2022.12.23,22:23:12,40.7738,30.967,12.5,  1.4  ,YESILOVA-GOLYAKA (DUZCE)
489,2022.12.23,22:21:11,40.7795,30.9648,7.7,  2.5  ,YAZLIK-GOLYAKA (DUZCE)
490,2022.12.23,22:14:58,38.2422,38.7982,5.0,  3.3  3.3,ORMANICI-PUTURGE (MALATYA)
491,2022.12.23,21:46:45,37.405,37.1353,10.3,  1.3  ,NARLI-PAZARCIK (KAHRAMANMARAS)
492,2022.12.23,21:28:40,34.8005,33.1218,5.0,  1.9  ,KIBRIS RUM KESIMI
493,2022.12.23,20:50:04,40.7887,31.3917,9.2,  2.5  ,DARIYERIBAKACAK-KAYNASLI (DUZCE)
494,2022.12.23,20:48:40,37.0735,28.392,18.2,  0.9  ,KIZILAGAC-ULA (MUGLA)
495,2022.12.23,20:46:54,36.9273,27.8967,5.4,  1.3  ,GOKOVA KORFEZI (MEDITERRANEAN SEA)
496,2022.12.23,20:39:28,39.9765,39.6007,5.4,  2.3  ,ESKIYOL-KELKIT (GUMUSHANE)
497,2022.12.23,20:37:20,39.531,28.0528,1.5,  1.3  ,ESENLI-BIGADIC (BALIKESIR)
498,</pre>],,,,,,
